2.85888791119658,0.881759892450422,1
4.21855913302664,0.630193591919129,1
1.3312035201518,0.488159053650887,1
2.10545072187216,-0.701153078757853,1
4.56220871998174,-0.490637383769218,1
5.32081224459852,-0.147863050412635,1
5.09858598800405,0.375118412531198,1
4.23203840314874,-0.754321019447673,1
1.04803750095324,-0.388134087375399,1
4.19928345184134,-0.679931874301817,1
4.1938054578245,0.671691771107099,1
1.61161727413008,0.638938961553952,1
4.07466489743672,-0.789456807941709,1
4.45048519833498,-0.618401872743853,1
4.54464773355117,0.588321696260233,1
0.675005599469608,-0.0351146707885029,1
3.42079005187709,-0.773165963627059,1
1.60218089695821,0.614580417100692,1
2.25498113312135,-0.753613479167909,1
3.77236760878528,-0.827207015535798,1
0.851030964100384,-0.242658931670779,1
0.749281284156244,-0.116972586187854,1
1.63467184707009,0.602800572412008,1
3.42317228231241,-0.788387730203535,1
0.626283658473455,0.0723123149030431,1
4.31800259789496,-0.622292319528854,1
3.15792019615642,0.760662408550211,1
3.4356668432077,0.777175307673452,1
1.91203699783839,-0.727744599342573,1
0.759113059313935,0.183443828683199,1
2.05449982786032,0.716275184543282,1
0.745396238501971,0.0995830772818212,1
4.2494516349925,0.645327168220859,1
0.796393323746824,0.067641098732168,1
0.854377619804322,-0.298512139891972,1
0.983345121222304,0.359643806828725,1
3.34248782817487,0.890065172761645,1
4.59264906830288,0.528726209803617,1
4.29737943112162,0.753878156220069,1
3.95943712279307,0.673077188081604,1
3.41132837378677,0.765216376666685,1
1.80181558283366,0.599742340335338,1
4.9981680184547,-0.353327917504209,1
2.43478208835757,-0.783327207427715,1
1.29459574320803,0.68149117358578,1
5.25452633940297,-0.159905250911044,1
1.17402167851913,0.406778333484439,1
3.77483297684533,0.717967351103253,1
1.98180499453131,-0.664933061596711,1
5.13015820321196,-0.244922470408564,1
5.10056987639673,-0.273060605107945,1
3.57206580589251,0.669962551814208,1
5.21514815932874,-0.0801484448653575,1
4.42270525545808,0.62395663148471,1
4.3343770818324,0.613328450723923,1
3.1303553478543,-0.790997620283733,1
0.782982536074627,-0.209333721941608,1
5.33454549784109,-0.0973219405540695,1
1.20283740187341,-0.492656034891963,1
3.26450279995172,0.749076676546659,1
5.16476442443021,0.264946218666256,1
1.56199573369715,-0.580742718337025,1
3.90247543774488,-0.701273291182603,1
4.61127292823953,0.597578807524828,1
1.63459908632423,-0.602855541869717,1
1.35666667289345,-0.507895525168954,1
0.755386609515013,0.102523540328419,1
4.01704075173275,0.7384217729514,1
1.7820928801574,0.687263120430562,1
5.15368412069563,0.301650030516656,1
0.882956580019955,-0.250820137181602,1
5.03239003059408,0.380420648251097,1
2.65505735426697,0.710498855555386,1
4.33600846679739,0.679500924499429,1
0.63823931438328,-0.0411854144795355,1
0.590100956691356,-0.0731915635645234,1
2.65472981966079,0.87499053037318,1
3.72017873510682,0.745089778723528,1
4.63707179846547,-0.446454347466612,1
4.91569662578804,0.419274442465216,1
3.52602505312135,-0.794804450710084,1
5.12956997939384,0.228636401877855,1
5.18308437737409,-0.261291597708089,1
2.18765158588009,-0.811965231434286,1
1.72704979331275,-0.685647227008188,1
3.59694729342127,0.859970914768967,1
5.0433812523636,0.248952191976417,1
4.18322558532184,0.681508882976669,1
1.07456698019919,0.432086879165688,1
0.76280906107057,0.281785093413777,1
5.08885724084767,0.317442891938705,1
3.23870020938923,0.784462334700378,1
3.6225507286584,-0.751401256968526,1
3.15125263902463,0.796818312943835,1
0.79042547861196,-0.0109518286788526,1
4.67827135724879,-0.608354089694427,1
4.54935226292737,-0.621824882372965,1
0.756982975998047,0.135715709811114,1
2.98571078994459,0.739755510843854,1
1.20087647542179,-0.513170340224703,1
0.76461872160756,-0.273359995505278,1
3.86407443752924,0.725554688842018,1
4.55418170390616,0.588136815767877,1
5.17434069088949,0.143144283269263,1
2.03143777077316,-0.825371634864376,1
5.18891713117614,-0.279328930182772,1
4.78976051391776,0.521984229784546,1
2.6541525731786,-0.827697899746222,1
2.37294522560277,-0.805166417652595,1
3.1381133227315,0.695608579320481,1
0.826355594163648,0.31105921931234,1
4.84696528275247,0.459856868346898,1
1.9328306525481,0.708068992365169,1
0.768275351172851,0.151409787322733,1
1.51264520564398,0.608305693768747,1
3.6570726302788,-0.67682731021476,1
2.95501512646565,-0.71019985861886,1
1.50691481029608,0.707204155508312,1
5.35749546665805,0.0601702736700606,1
4.05626897406965,-0.784855268543358,1
5.12569783682804,0.274718719212844,1
0.659404528730372,-0.126399014556802,1
2.28494531857486,-0.793792873881198,1
2.62475613075609,0.846272639128095,1
4.91971770570757,0.492790689131406,1
-3.12799129232384,0.859465892245083,2
-1.75579687065283,0.627020232860452,2
-4.7007848079611,0.544768605395682,2
-3.84188086932584,-0.705549574800197,2
-1.34685267982346,-0.540899844709626,2
-0.738498397111065,-0.101514455500493,2
-0.986401856632744,0.338041604623822,2
-1.77287206387624,-0.722381718413001,2
-4.91659223880298,-0.405839805994771,2
-1.80860421163301,-0.680171579035481,2
-1.69526257662895,0.584151266524825,2
-4.43305509294781,0.685328613712138,2
-2.12112225775561,-0.677697063641892,2
-1.54269351479377,-0.621547519367169,2
-1.45678040856679,0.673729442731861,2
-5.27650327941053,-0.0459517649682968,2
-2.5515686921629,-0.728806393669592,2
-4.40790966040908,0.632491731770456,2
-3.71065310818855,-0.783509007908788,2
-2.27630077451617,-0.771842955059193,2
-5.04617834875112,-0.381960135809636,2
-5.28426406952175,-0.0730312711368008,2
-4.36953904558028,0.656528080850602,2
-2.62005133565341,-0.909773500639089,2
-5.31817625942592,0.00914229493128425,2
-1.65944957763693,-0.573635733451042,2
-2.69034991787818,0.870052282313497,2
-2.49279362710789,0.736211256890454,2
-4.15260381194964,-0.743518648877511,2
-5.28900039634799,0.23395225181746,2
-3.90778372974005,0.762390667492332,2
-5.30849389572357,0.0910256657025101,2
-1.80921590235549,0.756580248713875,2
-5.31310897810769,0.16374146028329,2
-5.15495440286403,-0.286816594911431,2
-5.09493719910039,0.282892310670543,2
-2.71391747632674,0.803894896285742,2
-1.24597088260293,0.555796086731319,2
-1.70631163445124,0.687415074970996,2
-2.05222226207408,0.74173808895005,2
-2.60476487370729,0.821652024423029,2
-4.18630097038788,0.670182813451435,2
-1.02741375284931,-0.360831963572465,2
-3.52574958878323,-0.663450426289368,2
-4.63890757759632,0.625365259539213,2
-0.752416427865992,-0.148569720577321,2
-4.82295409484079,0.469874488664179,2
-2.19373319574344,0.836777200275887,2
-4.00633044691204,-0.738798833895549,2
-0.836470484069072,-0.27098490021365,2
-0.823679661445315,-0.217426377262215,2
-2.43621008099861,0.772114188422607,2
-0.760489738891529,-0.145351094630406,2
-1.60187638555739,0.642987929109426,2
-1.722079149504,0.647611051414475,2
-2.84225996891197,-0.786499187873927,2
-5.18160473999585,-0.145031880852953,2
-0.75601635111167,-0.0844961390709237,2
-4.87572139801825,-0.36710469685414,2
-2.63618026425915,0.741835443139897,2
-0.745338388705545,0.304462212936535,2
-4.49581458557771,-0.658527817826392,2
-2.10560308765303,-0.854188069080233,2
-1.50452638001531,0.675096681546389,2
-4.41345367024015,-0.603944086816987,2
-4.5686233024136,-0.562114723200315,2
-5.33068376012689,0.171261331179284,2
-2.06113203749513,0.67498901210744,2
-4.218779641087,0.737828472902869,2
-0.906320222599881,0.318652123396129,2
-5.19053680539738,-0.209589783095554,2
-0.989258614223016,0.370346410101089,2
-3.26602484753254,0.734467545651106,2
-1.78327911766849,0.625949126028078,2
-5.29837997495584,-0.144140930525157,2
-5.36353341752508,0.0407292571269292,2
-3.43968694703407,0.729170048918476,2
-2.34528352171717,0.75784810690655,2
-1.34142909964251,-0.606568772677724,2
-1.10634110286027,0.487466953854825,2
-2.52805378680519,-0.734309327171721,2
-0.773111037981886,0.169975913686748,2
-0.833075449075418,-0.271888894893665,2
-3.83187288439452,-0.7446490648331,2
-4.28442797922201,-0.730932583064666,2
-2.25124583469087,0.727566804333687,2
-0.872440480352282,0.286462646559827,2
-1.77423495215085,0.614864593043425,2
-4.90180339058245,0.419444252587087,2
-5.21327125203797,0.349742773079681,2
-0.877850284836652,0.21201780670964,2
-2.81061486779811,0.757028552589823,2
-2.32444659957256,-0.717617075547842,2
-2.91431136135568,0.819239525261194,2
-5.35663651412645,-0.119296462970356,2
-1.36603786487791,-0.579462848920502,2
-1.41364384902159,-0.650978192619158,2
-5.22651903301721,0.197686104340953,2
-3.01523414524743,0.802739549397024,2
-4.85074752581102,-0.519469143722077,2
-5.170192928901,-0.269976491071741,2
-2.25503989555425,0.696990277718784,2
-1.34882575060894,0.66073917006335,2
-0.737386201032025,0.0848560548873825,2
-3.90039230289965,-0.789894864704301,2
-0.939206259388314,-0.23854616109956,2
-1.29549125830312,0.496217542253115,2
-3.45815701069436,-0.82922164296096,2
-3.72179959727025,-0.807006724560576,2
-2.79683223666108,0.735812556913613,2
-5.17280830052973,0.23697413029951,2
-1.11436971339121,0.510999749328041,2
-4.0971534443284,0.767131077804793,2
-5.25635714663477,0.115365186666794,2
-4.36633338338622,0.716446780859558,2
-2.29978751344345,-0.812787718570681,2
-3.00642479717763,-0.895373550766449,2
-4.50973605039654,0.563858330491814,2
-0.722049439059435,-0.0442586523528834,2
-2.0061054296679,-0.75943930209944,2
-0.898072766884151,0.338436236184014,2
-5.1472114464066,-0.132415604394669,2
-3.61009050943242,-0.773555391197087,2
-3.27293032931211,0.805917435080933,2
-1.10772396058963,0.501161739242774,2
-0.0480780387196843,5.23684689806286,3
0.439745319832497,4.93525355891503,3
-0.560763263856579,4.52694323901471,3
-0.404435230249356,0.875149710846806,3
0.60275348584295,1.33626008701122,3
0.850504831061936,2.78995824620215,3
0.738168884860705,4.02052709536377,3
0.491911047089599,1.04911588687145,3
-0.675111296177556,1.72283863754464,3
0.429319861247465,1.03578748564818,3
0.474392552657064,4.86045658423287,3
-0.48610289196193,4.7879963820221,3
0.287980143710852,0.957806726980165,3
0.457521691935364,1.2506011211252,3
0.610789154126763,4.61892476081346,3
-0.877422194219775,2.82044937609543,3
0.133344010521909,0.799581147674884,3
-0.367519093622382,4.78301420623498,3
-0.230374980579148,0.775834018128241,3
0.235407259458523,0.866134215090206,3
-0.701881469937926,2.11997474958924,3
-0.797773809721171,2.68766048262131,3
-0.534890596130657,4.81294071973135,3
0.213466098801775,0.782870974735935,3
-0.821515166055545,2.92323262458039,3
0.452326781469273,1.08836143331776,3
0.100404784565063,5.20462770655544,3
0.161871572626927,5.24429840545317,3
-0.365899870540094,0.961003491429769,3
-0.79932313213275,3.56986152473791,3
-0.343932057800047,5.09129887842522,3
-0.76221946243408,3.19121209951944,3
0.42874190882565,4.96615370291407,3
-0.819716501046167,3.35723240143593,3
-0.786966993319851,2.1964973150848,3
-0.684235310915987,4.0732795760723,3
0.110727920726926,5.22197980938551,3
0.643998482103323,4.5352088338693,3
0.399399903920561,4.91152575603302,3
0.359199209773768,5.1560669340679,3
0.0964369265689693,5.27663745947511,3
-0.376720220302408,5.0133927669155,3
0.712261373187269,1.92150954961227,3
-0.20046435727626,0.76410153089068,3
-0.558003537757574,4.53945493520404,3
0.797915639198215,2.5217416718692,3
-0.67587949381689,4.44238821609992,3
0.357537354233409,5.22927222402411,3
-0.377175925492218,0.869503033475997,3
0.744279257238654,2.18939879948556,3
0.784301745256571,2.25311794801078,3
0.158751646626709,5.20412197731966,3
0.789569693131838,2.72355817617085,3
0.528614795741402,4.82333425893302,3
0.486137310650682,4.86863380188649,3
0.0732413476693693,0.713907979512454,3
-0.767479329700654,2.4358473027722,3
0.822761925334394,2.89673231242437,3
-0.632583622676524,1.79757699036287,3
0.110507351266067,5.4360129882054,3
0.778369508622561,3.72777234266871,3
-0.519143708216471,1.19396372523963,3
0.230067071339515,0.869017457474863,3
0.533768801682333,4.67095527661983,3
-0.448885849032891,1.23523357198745,3
-0.636060455083463,1.30693928026869,3
-0.731692358090688,3.44781991804286,3
0.350292487381468,5.13733158166384,3
-0.412425235909415,4.92373484938091,3
0.828776204312302,3.87894881273768,3
-0.720692834491824,2.29206418900289,3
0.725011350289009,4.07858029396308,3
-0.17935007403292,5.20287634277834,3
0.474511227308454,4.91705751231777,3
-0.805247938098147,2.72516008945107,3
-0.860650633100094,3.0128725758356,3
-0.0874989754882731,5.32629280636705,3
0.273524130300693,5.34395953784073,3
0.561941358320623,1.43671172205969,3
0.741449916107308,4.15388748770029,3
0.194578357681537,0.791094183331285,3
0.753856465408024,3.68181812064834,3
0.844520443738032,2.11396050223864,3
-0.244681799821728,0.835753844104334,3
-0.483039018679214,1.10985632271082,3
0.180136224750095,5.23376388478363,3
0.701730724931617,3.92242248190979,3
0.344809490437977,4.96111177689867,3
-0.548892595627791,4.35234232571834,3
-0.792009747284457,3.6492968076476,3
0.796491139008448,3.84501450104075,3
0.0251128289792273,5.24557014831288,3
0.246322418957438,0.832348901090116,3
0.142481425911968,5.34223271972676,3
-0.807907012971953,3.02283110437572,3
0.560477726091464,1.35304446628074,3
0.518578140366415,1.37833820295998,3
-0.774311262704162,3.47308768038517,3
-0.0689483033252697,5.32835752376072,3
-0.62395308879533,1.61304995978167,3
-0.704673140803573,2.19274508696076,3
0.298382695752291,5.10905276906276,3
0.6082963266737,4.76908800684164,3
0.804774266392394,3.45924630637133,3
-0.340573804015553,0.889460031188396,3
0.742671426714723,2.20418114277454,3
0.541859324054253,4.42740891968624,3
-0.19600448029129,0.657511018982817,3
-0.206703673988712,0.819019415714281,3
0.0498340167075369,5.29302317190706,3
-0.757314947403985,3.8216847268299,3
0.615462863576279,4.4589858053559,3
-0.333172703143836,5.11199536936113,3
-0.792264758266348,3.19185205805411,3
-0.58042911175746,4.80941275950334,3
0.218198556701981,0.791436371224138,3
-0.000350685116658531,0.725710717421951,3
-0.386522534063657,4.7256899372007,3
0.837603067355931,3.07673993112705,3
0.332363956750022,0.920849536518488,3
0.783570638741747,3.93109987758908,3
-0.79685498053162,2.74380060362065,3
-0.233921570351707,0.739293686050829,3
-0.151631597360917,5.25549070389894,3
0.725737781318806,4.39122918004938,3
0.0201609189898764,-0.768229785199161,4
0.49195532801822,-1.11330557205126,4
-0.584159332679751,-1.53979072439479,4
-0.309983070230723,-5.05825887859749,4
0.605751059248774,-4.62934885489724,4
0.771038015493628,-3.274454568149,4
0.755896449951863,-2.12231713743162,4
0.476703687149114,-4.9970847813679,4
-0.651854678838082,-4.2603374236665,4
0.489337437332674,-4.91038495478246,4
0.379142307036261,-1.09298096825764,4
-0.545029019689375,-1.26319556193036,4
0.273114423437827,-5.13712819352881,4
0.487047540002329,-4.85481313975809,4
0.535082045300489,-1.33331959466515,4
-0.805659922305139,-3.2411384904356,4
0.229115571547333,-5.26530178359499,4
-0.488298887732572,-1.24901177543083,4
-0.210557373963635,-5.18306449599811,4
0.129564017883057,-5.19334592357521,4
-0.712212549366723,-3.94543425356107,4
-0.808625980771875,-3.26855974945518,4
-0.505624893747395,-1.17982148230959,4
0.0888913634703909,-5.1769655503329,4
-0.829481742383202,-3.05408464584643,4
0.397180083675119,-4.89674814646463,4
0.0805874539018432,-0.689606772001231,4
0.149498427253034,-0.726698838341607,4
-0.388154884520877,-4.89124385214468,4
-0.816002843772129,-2.40999074518279,4
-0.379743348214786,-0.931756992204386,4
-0.798050413007904,-2.7694952486742,4
0.342232095419904,-1.06819471445138,4
-0.76583289706574,-2.56604531038143,4
-0.804722300773088,-3.86934416228899,4
-0.712833137540138,-1.95889810943529,4
0.131816685019932,-0.715526780815882,4
0.63813070418683,-1.5464826159417,4
0.460364349956541,-1.01766268881458,4
0.406196439398329,-0.979116784834728,4
0.157233699126748,-0.7257652218144,4
-0.425516807065601,-1.04605044749381,4
0.74581896140575,-4.09525867640234,4
-0.136188852353507,-5.25634038435643,4
-0.537368146892026,-1.37937548256501,4
0.803019096130211,-3.40307143975833,4
-0.645006888096302,-1.58699807998764,4
0.320501510770059,-0.82054426214175,4
-0.364911687318626,-5.05209397815071,4
0.702299721484767,-3.76876308157512,4
0.715504312927525,-3.80460293509937,4
0.23972176022396,-0.882480738633734,4
0.848741554960483,-3.25024724003625,4
0.555201422745817,-1.25959702481228,4
0.417289967960213,-1.06384158339352,4
0.0217364925393552,-5.29845248098445,4
-0.763376445258975,-3.68711613665828,4
0.769617340093456,-3.08200661607556,4
-0.614849720193641,-4.39536406524095,4
0.144268476996579,-0.69096239761844,4
0.78395661750204,-2.31735997864242,4
-0.458227063280665,-4.79138605859555,4
0.345109754839961,-5.0975761352727,4
0.551175446946524,-1.3091391297463,4
-0.422848631855693,-4.76312333044118,4
-0.513265672800346,-4.62748073244266,4
-0.732011992694912,-2.64279649285546,4
0.355907033608021,-0.939620654152289,4
-0.463914021947219,-1.0063285219572,4
0.682887784646289,-2.18370859853257,4
-0.878287167808494,-3.70999083553583,4
0.728375516548964,-1.85213764431561,4
-0.229133137007151,-0.74078104096603,4
0.395537231396844,-1.09003323903322,4
-0.777448842094138,-3.23011987194819,4
-0.791590051579134,-2.98094512078643,4
-0.066755918606731,-0.753684427317698,4
0.282401124138631,-0.851858352511428,4
0.63480164313492,-4.62484617953366,4
0.757743416532711,-1.73038054706468,4
0.125330035063211,-5.30805391339734,4
0.744261390744345,-2.30290637005534,4
0.776456440696279,-3.83700564062117,4
-0.300416665058294,-5.12675289208393,4
-0.457317527320177,-4.91326286167768,4
0.230115013247273,-0.818327882313024,4
0.64266871234005,-2.10625695329045,4
0.452121994497448,-0.991979241334052,4
-0.761877648947658,-1.63059604740467,4
-0.701630363186712,-2.38003176764347,4
0.745148401871024,-2.16701466162692,4
-0.0253109878173111,-0.630469935503111,4
0.349363569532463,-5.15048049768965,4
0.049414191109051,-0.705545839779705,4
-0.788794887855536,-3.17740155993601,4
0.551012038607339,-4.69801951878676,4
0.478106012948477,-4.67758379247914,4
-0.78647322633879,-2.60766713206673,4
-0.0235523596783274,-0.720607735548625,4
-0.664201437855975,-4.36100744844425,4
-0.799842738331372,-3.82536589144384,4
0.299256486243945,-0.901637111306543,4
0.394641094175992,-1.23009878178015,4
0.742537668023988,-2.55598104213513,4
-0.360266719035125,-5.11565842709402,4
0.738744132741173,-3.71775296868955,4
0.590430553816434,-1.52425794824892,4
-0.0495148627072147,-5.17796593610105,4
-0.227140204695602,-5.27647558095204,4
0.0676129321783653,-0.758585947788618,4
-0.722260480975033,-2.29314548178191,4
0.741802796317997,-1.68947469061137,4
-0.355316805263649,-0.890327971541918,4
-0.784800729104775,-2.9027407835702,4
-0.505947735707276,-1.08199461542396,4
0.161248022615854,-5.1287171685675,4
-0.0432330002609514,-5.33468239554318,4
-0.482431560670438,-1.25357262543867,4
0.779472444102191,-2.9330181702251,4
0.378780390655875,-5.05113897479256,4
0.704323853898973,-2.0968843294443,4
-0.857973471510833,-3.2639703721292,4
-0.206404188372221,-5.29114235450573,4
-0.109240868588335,-0.665129875817231,4
0.620674164273529,-1.65687075513184,4
